{
  "overall": {
    "mean_abs_mean_delta": 0.033469162938184194,
    "mean_abs_std_delta": 0.023177247073339236,
    "mean_abs_quantile_delta": 0.08996553617305135,
    "correlation_mae": 0.10875288322700168,
    "species_js_divergence": 0.0017385519711411255,
    "conditional_mean_mae": 0.007767275015115868,
    "conditional_std_mae": 0.008969326371711035
  },
  "species_distribution": {
    "real": {
      "Iris-setosa": 0.3333333333333333,
      "Iris-versicolor": 0.3333333333333333,
      "Iris-virginica": 0.3333333333333333
    },
    "synthetic": {
      "Iris-setosa": 0.3333333333333333,
      "Iris-versicolor": 0.37333333333333335,
      "Iris-virginica": 0.29333333333333333
    }
  },
  "numeric_summary": [
    {
      "column": "sepal_length",
      "real_mean": 5.843333333333334,
      "synth_mean": 5.818406150301723,
      "mean_abs_delta": 0.024927183031611122,
      "real_std": 0.8253012917851409,
      "synth_std": 0.8079441594136781,
      "std_abs_delta": 0.017357132371462747,
      "real_min": 4.3,
      "synth_min": 4.336259510817201,
      "real_max": 7.9,
      "synth_max": 7.8586,
      "q10_abs_delta": 0.13457098592262806,
      "q50_abs_delta": 0.09658061199301038,
      "q90_abs_delta": 0.12468854370514215
    },
    {
      "column": "sepal_width",
      "real_mean": 3.0540000000000003,
      "synth_mean": 3.046710234752533,
      "mean_abs_delta": 0.0072897652474672725,
      "real_std": 0.4321465800705435,
      "synth_std": 0.43542217148509876,
      "std_abs_delta": 0.0032755914145552456,
      "real_min": 2.0,
      "synth_min": 2.021,
      "real_max": 4.4,
      "synth_max": 4.37,
      "q10_abs_delta": 0.14600413266989376,
      "q50_abs_delta": 0.005999999999999783,
      "q90_abs_delta": 0.12571099867668423
    },
    {
      "column": "petal_length",
      "real_mean": 3.758666666666666,
      "synth_mean": 3.6963569893818478,
      "mean_abs_delta": 0.0623096772848184,
      "real_std": 1.7585291834055212,
      "synth_std": 1.7097538145251272,
      "std_abs_delta": 0.04877536888039402,
      "real_min": 1.0,
      "synth_min": 1.015,
      "real_max": 6.9,
      "synth_max": 6.758849963519594,
      "q10_abs_delta": 0.03844006486732421,
      "q50_abs_delta": 0.11459447685805291,
      "q90_abs_delta": 0.17371097353674347
    },
    {
      "column": "petal_width",
      "real_mean": 1.1986666666666668,
      "synth_mean": 1.1593166404778268,
      "mean_abs_delta": 0.03935002618883998,
      "real_std": 0.7606126185881716,
      "synth_std": 0.7373117229612267,
      "std_abs_delta": 0.02330089562694493,
      "real_min": 0.1,
      "synth_min": 0.10300000000000001,
      "real_max": 2.5,
      "synth_max": 2.482,
      "q10_abs_delta": 0.006654944407682273,
      "q50_abs_delta": 0.015343996743659494,
      "q90_abs_delta": 0.09728670469579548
    }
  ],
  "conditional_summary": [
    {
      "species": "Iris-setosa",
      "column": "sepal_length",
      "real_mean": 5.006,
      "synth_mean": 5.011502728374157,
      "mean_abs_delta": 0.00550272837415644,
      "real_std": 0.3489469873777391,
      "synth_std": 0.3535729608647437,
      "std_abs_delta": 0.004625973487004609
    },
    {
      "species": "Iris-setosa",
      "column": "sepal_width",
      "real_mean": 3.418,
      "synth_mean": 3.4143403956045417,
      "mean_abs_delta": 0.0036596043954584268,
      "real_std": 0.37719490982779713,
      "synth_std": 0.38046033096550763,
      "std_abs_delta": 0.0032654211377105002
    },
    {
      "species": "Iris-setosa",
      "column": "petal_length",
      "real_mean": 1.464,
      "synth_mean": 1.4638456052396622,
      "mean_abs_delta": 0.00015439476033773936,
      "real_std": 0.17176728442867112,
      "synth_std": 0.17136036402832627,
      "std_abs_delta": 0.00040692040034484567
    },
    {
      "species": "Iris-setosa",
      "column": "petal_width",
      "real_mean": 0.244,
      "synth_mean": 0.22964411219203765,
      "mean_abs_delta": 0.014355887807962348,
      "real_std": 0.10613199329137281,
      "synth_std": 0.12069281795465527,
      "std_abs_delta": 0.014560824663282457
    },
    {
      "species": "Iris-versicolor",
      "column": "sepal_length",
      "real_mean": 5.936,
      "synth_mean": 5.934114930780368,
      "mean_abs_delta": 0.0018850692196323848,
      "real_std": 0.5109833656783751,
      "synth_std": 0.5152342334982009,
      "std_abs_delta": 0.004250867819825754
    },
    {
      "species": "Iris-versicolor",
      "column": "sepal_width",
      "real_mean": 2.7700000000000005,
      "synth_mean": 2.7744291092994167,
      "mean_abs_delta": 0.004429109299416201,
      "real_std": 0.31064449134018135,
      "synth_std": 0.3146123723022828,
      "std_abs_delta": 0.003967880962101433
    },
    {
      "species": "Iris-versicolor",
      "column": "petal_length",
      "real_mean": 4.26,
      "synth_mean": 4.257568389681606,
      "mean_abs_delta": 0.0024316103183936733,
      "real_std": 0.4651881339845203,
      "synth_std": 0.4699166544183426,
      "std_abs_delta": 0.004728520433822325
    },
    {
      "species": "Iris-versicolor",
      "column": "petal_width",
      "real_mean": 1.3259999999999998,
      "synth_mean": 1.3277060489472596,
      "mean_abs_delta": 0.0017060489472597862,
      "real_std": 0.19576516544063705,
      "synth_std": 0.201796247542002,
      "std_abs_delta": 0.006031082101364965
    },
    {
      "species": "Iris-virginica",
      "column": "sepal_length",
      "real_mean": 6.587999999999998,
      "synth_mean": 6.58807613642841,
      "mean_abs_delta": 7.613642841164392e-05,
      "real_std": 0.6294886813914926,
      "synth_std": 0.6293864657363744,
      "std_abs_delta": 0.00010221565511825403
    },
    {
      "species": "Iris-virginica",
      "column": "sepal_width",
      "real_mean": 2.974,
      "synth_mean": 2.975488302542853,
      "mean_abs_delta": 0.0014883025428527041,
      "real_std": 0.3192553836664309,
      "synth_std": 0.32072261600998353,
      "std_abs_delta": 0.0014672323435526158
    },
    {
      "species": "Iris-virginica",
      "column": "petal_length",
      "real_mean": 5.5520000000000005,
      "synth_mean": 5.51903268916191,
      "mean_abs_delta": 0.03296731083809057,
      "real_std": 0.546347874526844,
      "synth_std": 0.5142738445299687,
      "std_abs_delta": 0.03207402999687525
    },
    {
      "species": "Iris-virginica",
      "column": "petal_width",
      "real_mean": 2.0260000000000002,
      "synth_mean": 2.0014489027505817,
      "mean_abs_delta": 0.024551097249418508,
      "real_std": 0.2718896835115301,
      "synth_std": 0.2397387360520007,
      "std_abs_delta": 0.0321509474595294
    }
  ]
}